senseId	lemmaId	dict	entryPath	gloss
foddey.a#1	foddey.a	cregeen	cregeen:foddey	far, at a great distance
foddey.a#2	foddey.a	cregeen	cregeen:foddey	long, of time
aarey.n#1	aarey.n	cregeen	cregeen:aarey	a kidney
aarey.n#2	aarey.n	cregeen	cregeen:aarey	a ladder
aggindys.n#1	aggindys.n	cregeen	cregeen:aggindys	fondness, eagerness, eager desire
aggindys.n#2	aggindys.n	cregeen	cregeen:e haggindys	her willingness
agh.x#1	agh.x	cregeen	cregeen:agh	but
agh.x#2	agh.x	cregeen	cregeen:agh	-ing, -ly, -ous, &c., when used as a postfix in composition means
saill.v#1	saill.v	cregeen	cregeen:cha naill	not wish
saill.v#2	saill.v	cregeen	cregeen:saill	salt;
arpin.n#1	arpin.n	cregeen	cregeen:arpin	an apron;, I have written this word as it is spoken
arpin.n#2	arpin.n	cregeen	cregeen:arpin	the herb orpine;
arr.v#1	arr.v	cregeen	cregeen:arr	offer;
arr.v#2	arr.v	cregeen	cregeen:arr	shift, remove, flit;
n'arr.v#1	n'arr.v	cregeen	cregeen:cha n'arr	not offer;
n'arr.v#2	n'arr.v	cregeen	cregeen:cha n'arr	not shift;
n'arr.v#3	n'arr.v	cregeen	cregeen:cha n'arr	not last;
arrey.n#1	arrey.n	cregeen	cregeen:arrey	a watch
arrey.n#2	arrey.n	cregeen	cregeen:arrey	a cistern, a mill-race:
attey.n#1	attey.n	cregeen	cregeen:attey	chapiter
attey.n#2	attey.n	cregeen	cregeen:attey	a crown;
atteeyn.n#1	atteeyn.n	cregeen	cregeen:atteeyn	chapiters
atteeyn.n#2	atteeyn.n	cregeen	cregeen:atteeyn	crowns
baa.n#1	baa.n	cregeen	cregeen:baa	a buss, a salutation with the lips
baa.n#2	baa.n	cregeen	cregeen:yn vaa	the cow or cattle
bhir.n#1	bhir.n	cregeen	cregeen:e vhir	his crops
bhir.n#2	bhir.n	cregeen	cregeen:bhir	spits, the pl. of bher
baarit.x#1	baarit.x	cregeen	cregeen:baarit	spent
baarit.x#2	baarit.x	cregeen	cregeen:baarit	made bare
bare.x#1	bare.x	cregeen	cregeen:vare	See vaare.
bare.x#2	bare.x	cregeen	cregeen:ny bare	better
bab.n#1	bab.n	cregeen	cregeen:bab	a babe;
bab.n#3	bab.n	cregeen	cregeen:bab	a lappet of the ear in marking sheep;
banee.a#1	banee.a	cregeen	cregeen:banee	whiteish
banee.a#2	banee.a	cregeen	cregeen:banee	binding;
bardoon.n#1	bardoon.n	cregeen	cregeen:bardoon	a doleful song
bardoon.n#2	bardoon.n	cregeen	cregeen:nyn bardoon	your, &c. pardon
barrey.n#1	barrey.n	cregeen	cregeen:barrey	a bar, a bolt;
barrey.n#2	barrey.n	cregeen	cregeen:barrey	a barrow;
beagh.v#3	beagh.v	cregeen	cregeen:beagh	feed;
beagh.v#4	beagh.v	cregeen	cregeen:veagh	did or didst live;; did dwell or inhabit;
vea.n#1	vea.n	cregeen	cregeen:yn vea	the life time
vea.n#2	vea.n	cregeen	cregeen:vea	ado; as,
meaghey.n#1	meaghey.n	cregeen	cregeen:nyn meaghey	your, &c. food, sustenance, victuals
meaghey.n#2	meaghey.n	cregeen	cregeen:nyn meaghey	your, &c. living,
mee.n#1	mee.n	cregeen	cregeen:nyn mee	your, &c. meat, food
mee.n#2	mee.n	cregeen	cregeen:mee	a month, That the Manks had names of their own for the months is evident, as me…
mee.n#3	mee.n	cregeen	cregeen:mee	loin, Scarcely used but in the pl
veg.x#1	veg.x	cregeen	cregeen:ro veg	too little
veg.x#2	veg.x	cregeen	cregeen:veg	Veg is also understood to mean none or nothing;
bhow.n#1	bhow.n	cregeen	cregeen:bhow	a bow to shoot with;
bhow.n#2	bhow.n	cregeen	cregeen:bhow	the prow of a ship or vessel;
bhut.n#1	bhut.n	cregeen	cregeen:bhut	a mark to shoot at,
bhut.n#2	bhut.n	cregeen	cregeen:bhut	a prop or something to stand against to support, a bulwark,
bingey.a#1	bingey.a	cregeen	cregeen:bingey	shrill
bingey.a#2	bingey.a	cregeen	cregeen:bingey	of a jury; as, deiney bingey (jurymen)
bite.n#1	bite.n	cregeen	cregeen:bite	bait to fish;
bite.n#2	bite.n	cregeen	cregeen:bite	wick;
boayl.n#1	boayl.n	cregeen	cregeen:boayl	a ball to play with;
boayl.n#2	boayl.n	cregeen	cregeen:boayl	a place;
voayll.n#1	voayll.n	cregeen	cregeen:yn voayll	the play ball
voayll.n#2	voayll.n	cregeen	cregeen:yn voayll	the place
bolgagh.a#1	bolgagh.a	cregeen	cregeen:bolgagh	of the belly
bolgagh.a#2	bolgagh.a	cregeen	cregeen:bolgagh	of blisters
vhoult.n#1	vhoult.n	cregeen	cregeen:e vhoult	his bolt
vhoult.n#2	vhoult.n	cregeen	cregeen:e vhoult	his mutton
brackey.n#1	brackey.n	cregeen	cregeen:dy vrackey	to sharpen a tool, and not by grinding
brackey.n#2	brackey.n	cregeen	cregeen:dy vrackey	to variegate
branlaader.n#1	branlaader.n	cregeen	cregeen:branlaader	a dreamer;
branlaader.n#2	branlaader.n	cregeen	cregeen:yn vranlaader	the raver
brashlagh.n#1	brashlagh.n	cregeen	cregeen:brashlagh	something to brace, as a crupper
brashlagh.n#2	brashlagh.n	cregeen	cregeen:brashlagh	charlock or wild mustard
bwaag.n#1	bwaag.n	cregeen	cregeen:bwaag	a bowling stone, a stone worn round by the sea, a paving stone;
bwaag.n#2	bwaag.n	cregeen	cregeen:bwaag	a hut or booth;
caayney.v#1	caayney.v	cregeen	cregeen:caayney	tabering;
caayney.v#2	caayney.v	cregeen	cregeen:caayney	braying;
cammag.n#1	cammag.n	cregeen	cregeen:cammag	a crutch;
cammag.n#2	cammag.n	cregeen	cregeen:cammag	a cricket ball;
cayr.n#1	cayr.n	cregeen	cregeen:cayr	a knot in timber
cayr.n#2	cayr.n	cregeen	cregeen:nyn gayr	your, &c. car or carriage
chay.n#1	chay.n	cregeen	cregeen:yn chay	the quay
chay.n#2	chay.n	cregeen	cregeen:yn chay	the mist or fog
jeer.v#1	jeer.v	cregeen	cregeen:cha jeer	not dry by fire or heat;
jeer.v#2	jeer.v	cregeen	cregeen:yeer	did straighten;
cheilley.x#1	cheilley.x	cregeen	cregeen:cheilley	‘one another’
cheilley.x#3	cheilley.x	cregeen	cregeen:veih my cheilley	asunder
ching.a#1	ching.a	cregeen	cregeen:ro hing	too sick, too ill
ching.a#2	ching.a	cregeen	cregeen:ching	of the head or heads. gour e ching (headlong)
chleayn.n#1	chleayn.n	cregeen	cregeen:e chleayn	his harrows
chleayn.n#2	chleayn.n	cregeen	cregeen:yn chleayn	the allurement or enticement
clein.n#1	clein.n	cregeen	cregeen:clein	See cleaiyn or cleain.
clein.n#2	clein.n	cregeen	cregeen:clein	the clan, the surname
cleragh.n#1	cleragh.n	cregeen	cregeen:cleragh	a clerk.
cleragh.n#2	cleragh.n	cregeen	cregeen:cleragh	a piece put into the chimb of a wooden vessel.
clink.n#1	clink.n	cregeen	cregeen:clink	a curvature;
clink.n#2	clink.n	cregeen	cregeen:clink	a trick;; See clink
comys.n#1	comys.n	cregeen	cregeen:comys	offence, blame;
comys.n#2	comys.n	cregeen	cregeen:comys	the private part;
chomys.n#1	chomys.n	cregeen	cregeen:e chomys	his blame, or guilt
chomys.n#2	chomys.n	cregeen	cregeen:e chomys	his private part
cooin.v#1	cooin.v	cregeen	cregeen:cooin	remember, recollect;
cooin.v#2	cooin.v	cregeen	cregeen:cooin	i. help, aid, assist
chooin.v#1	chooin.v	cregeen	cregeen:chooin	did remember, or recollect;
chooin.v#2	chooin.v	cregeen	cregeen:chooin	helped, did help, aid, or assist
cooineyder.n#1	cooineyder.n	cregeen	cregeen:cooineyder	a rememberer
cooineyder.n#2	cooineyder.n	cregeen	cregeen:cooineyder	a coiner
coon.v#1	coon.v	cregeen	cregeen:coon	narrow;
coon.v#2	coon.v	cregeen	cregeen:coon	help, aid, assist;
corrym.a#1	corrym.a	cregeen	cregeen:corrym	equal, even
corrym.a#2	corrym.a	cregeen	cregeen:corrym	with child.
creagh.n#1	creagh.n	cregeen	cregeen:creagh	a furrow;
creagh.n#2	creagh.n	cregeen	cregeen:creagh	a stack;
chreagh.n#1	chreagh.n	cregeen	cregeen:yn chreagh	the furrow
chreagh.n#2	chreagh.n	cregeen	cregeen:yn chreagh	the stack
creaghey.v#1	creaghey.v	cregeen	cregeen:creaghey	furrowing
creaghey.v#2	creaghey.v	cregeen	cregeen:creaghey	stacking
creaghit.x#1	creaghit.x	cregeen	cregeen:creaghit	furrowed
creaghit.x#2	creaghit.x	cregeen	cregeen:creaghit	stacked
creeney.a#1	creeney.a	cregeen	cregeen:creeney	ripe, withered;
creeney.a#2	creeney.a	cregeen	cregeen:creeney	wise, provident.
cron.n#1	cron.n	cregeen	cregeen:nyn gron	your, &c. nuts
cron.n#2	cron.n	cregeen	cregeen:nyn gron	your, &c. reed
cron.n#3	cron.n	cregeen	cregeen:cron	a scar or cicatrice; a stain;
cronnag.n#1	cronnag.n	cregeen	cregeen:cronnag	a round top on the mast of a vessel, the crosstree;
cronnag.n#2	cronnag.n	cregeen	cregeen:cronnag	a rock that can be seen before low water;
croe.n#1	croe.n	cregeen	cregeen:croe	a coop
croe.n#2	croe.n	cregeen	cregeen:croe	an iron to put under a pot or griddle on the fire
croo.v#1	croo.v	cregeen	cregeen:croo	create;
croo.v#2	croo.v	cregeen	cregeen:croo	crawling in grubs, maggots, or vermin
cuirrit.x#1	cuirrit.x	cregeen	cregeen:cuirrit	bidden, invited
cuirrit.x#2	cuirrit.x	cregeen	cregeen:cuirrit	sown
guirr.v#1	guirr.v	cregeen	cregeen:nyn guirr	your sowing
guirr.v#2	guirr.v	cregeen	cregeen:guirr	hatch, hatching, &c.;
cullee.n#1	cullee.n	cregeen	cregeen:cullee	a colour or banner
cullee.n#2	cullee.n	cregeen	cregeen:cullee	the aspect of the air
cullee.n#3	cullee.n	cregeen	cregeen:cullee	the tackle, furniture, or apparatus to work any thing, as a mill, ship, boat, &c
chullee.n#1	chullee.n	cregeen	cregeen:yn chullee	the colour
chullee.n#2	chullee.n	cregeen	cregeen:yn chullee	the aspect
cummee.a#1	cummee.a	cregeen	cregeen:cummee	of holding
cummee.a#2	cummee.a	cregeen	cregeen:cummee	of form or shape
cummit.x#1	cummit.x	cregeen	cregeen:cummit	held, stopt
cummit.x#2	cummit.x	cregeen	cregeen:cummit	formed, modelled, hewn;
cummeyder.n#1	cummeyder.n	cregeen	cregeen:cummeyder	a holder
cummeyder.n#2	cummeyder.n	cregeen	cregeen:cummeyder	a former
daah.v#1	daah.v	cregeen	cregeen:ghaah	dyed, did dye;
daah.v#2	daah.v	cregeen	cregeen:ghaah	singed, did singe;
daaghey.v#1	daaghey.v	cregeen	cregeen:daaghey	dying, colouring
daaghey.v#2	daaghey.v	cregeen	cregeen:nyn daaghey	your, &c. frequenting;
daahder.n#1	daahder.n	cregeen	cregeen:daahder	a dyer
daahder.n#2	daahder.n	cregeen	cregeen:daahder	one that singes
darrag.n#1	darrag.n	cregeen	cregeen:darrag	a beam;
darrag.n#2	darrag.n	cregeen	cregeen:darrag	a fishing line made of black hair snooids
doaie.n#1	doaie.n	cregeen	cregeen:doaie	decency, suitableness, discreetness, worth
doaie.n#2	doaie.n	cregeen	cregeen:e woaie	his hatred or detestation
doaiagh.a#1	doaiagh.a	cregeen	cregeen:ro ghoaiagh	too decent, &c
doaiagh.a#2	doaiagh.a	cregeen	cregeen:ro woaiagh	too hateful or detestable
dhooag.n#1	dhooag.n	cregeen	cregeen:dhooag	an eclipse
dhooag.n#2	dhooag.n	cregeen	cregeen:dhooag	a general name for a black cow
e.x#1	e.x	cregeen	cregeen:e	of wonder or surprise
e.x#2	e.x	cregeen	cregeen:e	his, her, hers., The words initialled by mutable consonants that follow the e (…
eab.v#1	eab.v	cregeen	cregeen:eab	attempt, &c.;
eab.v#2	eab.v	cregeen	cregeen:cha deab	did not form or plan
eaynnee.a#1	eaynnee.a	cregeen	cregeen:ny heaynnee	of the precipice or hogh
eaynnee.a#2	eaynnee.a	cregeen	cregeen:eaynnee	of a desert or wilderness
edd.n#1	edd.n	cregeen	cregeen:edd	a hat
edd.n#2	edd.n	cregeen	cregeen:edd	a nest;
idd.a#1	idd.a	cregeen	cregeen:idd	of a hat or hats
idd.a#2	idd.a	cregeen	cregeen:idd	of a nest or nests
idd.n#1	idd.n	cregeen	cregeen:nyn nidd	pl. your, &c. hats
idd.n#2	idd.n	cregeen	cregeen:e hidd	her nests
shegin.v#1	shegin.v	cregeen	cregeen:shegin	must, shall, (shyin)
shegin.v#2	shegin.v	cregeen	cregeen:shegin	lurking for, lying in wait;
eie.n#1	eie.n	cregeen	cregeen:eie	idea;
eie.n#2	eie.n	cregeen	cregeen:eie	meddle;, This word may seem strange as it has no substantive in English
enn.v#1	enn.v	cregeen	cregeen:cha denn	did not feel, not felt, or felt not.
enn.v#2	enn.v	cregeen	cregeen:enn	to know or have knowledge of
skyn.x#1	skyn.x	cregeen	cregeen:er nyn skyn	above us, you, them
skyn.x#2	skyn.x	cregeen	cregeen:skyn	‘top’
erin.n#1	erin.n	cregeen	cregeen:Erin	Ireland.
erin.n#2	erin.n	cregeen	cregeen:erin	vestry;
faarkey.n#1	faarkey.n	cregeen	cregeen:nyn vaarkey	your, &c. bathing
faarkey.n#2	faarkey.n	cregeen	cregeen:faarkey	the sea, and sometimes a billow or great wave;
faill.v#1	faill.v	cregeen	cregeen:daill	did fail, failed
faill.v#2	faill.v	cregeen	cregeen:faill	hire, engage for wages;
n'aill.v#1	n'aill.v	cregeen	cregeen:cha n'aill	not fail;
n'aill.v#2	n'aill.v	cregeen	cregeen:cha n'aill	not hire;
famlagh.v#1	famlagh.v	cregeen	cregeen:dy amlagh	to manure with sea weed
famlagh.v#2	famlagh.v	cregeen	cregeen:er vamlagh	hath, &c. wracked
farbagh.v#1	farbagh.v	cregeen	cregeen:er varbagh	hath, &c. fretted; as a sore
farbagh.v#2	farbagh.v	cregeen	cregeen:dy arbagh	to fret, rankle or corrode
foalley.a#1	foalley.a	cregeen	cregeen:foalley	of the flesh
foalley.a#2	foalley.a	cregeen	cregeen:foalley	carnal, lustful, sensual, corporal
ferish.n#1	ferish.n	cregeen	cregeen:ferish	a fairy;
ferish.n#2	ferish.n	cregeen	cregeen:ferish	a hand steel to strike fire with a flint;
gart.n#1	gart.n	cregeen	cregeen:gart	the last reaper on the standing corn side of a company of reapers in a field
gart.n#2	gart.n	cregeen	cregeen:nyn gart	your, &c. cart;
geill.n#1	geill.n	cregeen	cregeen:geill	a spring of water;
geill.n#2	geill.n	cregeen	cregeen:geill	heed, notice
geill.v#1	geill.v	cregeen	cregeen:geill	spring;
geill.v#2	geill.v	cregeen	cregeen:cha geill	not conceal or hide;
giall.v#1	giall.v	cregeen	cregeen:giall	whiten, or make white or bright, bleach or full;
giall.v#2	giall.v	cregeen	cregeen:giall	promise, grant;
ghiall.v#1	ghiall.v	cregeen	cregeen:ghiall	did bleach, cleanse, or full
ghiall.v#2	ghiall.v	cregeen	cregeen:ghiall	did promise or grant;
gial.v#1	gial.v	cregeen	cregeen:yial	did bleach, whiten, or make bright;
gial.v#2	gial.v	cregeen	cregeen:yial	did promise or grant;
giallit.x#1	giallit.x	cregeen	cregeen:giallit	bleached, whitened, fulled
giallit.x#2	giallit.x	cregeen	cregeen:giallit	promised, granted
ghiallit.x#1	ghiallit.x	cregeen	cregeen:ro ghiallit	too bleached
ghiallit.x#2	ghiallit.x	cregeen	cregeen:ro ghiallit	too promised or granted
giallit.a#1	giallit.a	cregeen	cregeen:ro yiallit	too bleached or whitened
giallit.a#2	giallit.a	cregeen	cregeen:ro yiallit	too promised or granted
gialleyder.n#1	gialleyder.n	cregeen	cregeen:gialleyder	& bleacher, a fuller, one that whitens
gialleyder.n#2	gialleyder.n	cregeen	cregeen:yn yialleyder	the promiser or granter
glioonagh.n#1	glioonagh.n	cregeen	cregeen:glioonagh	a disease in the knees;
glioonagh.n#2	glioonagh.n	cregeen	cregeen:glioonagh	a herb, arsmart, lakeweed, water pepper
gollage.n#1	gollage.n	cregeen	cregeen:gollage	a fork of any kind but a flesh-fork;
gollage.n#2	gollage.n	cregeen	cregeen:gollage	an earwig;
ghollage.n#1	ghollage.n	cregeen	cregeen:yn ghollage	the pitch-fork, or any fork of timber, &c.;
ghollage.n#2	ghollage.n	cregeen	cregeen:yn ghollage	the ear-wig;
imlagh.n#1	imlagh.n	cregeen	cregeen:imlagh	the fine of groats
imlagh.n#2	imlagh.n	cregeen	cregeen:imlagh	the strange sheep to be turned off
ingan.n#1	ingan.n	cregeen	cregeen:ingan	an anvil;
ingan.n#2	ingan.n	cregeen	cregeen:ingan	the issue, increase, or offspring of sheep, cattle, fowls, &c.;
jatter.n#1	jatter.n	cregeen	cregeen:e yatter	his dealer with
jatter.n#2	jatter.n	cregeen	cregeen:jatter	a debtor
jatter.n#3	jatter.n	cregeen	cregeen:jatter	an author
jesheenys.n#1	jesheenys.n	cregeen	cregeen:jesheenys	trimmings, embellishments;
jesheenys.n#2	jesheenys.n	cregeen	cregeen:e yesheenys	his ornamenting, &c
kaart.n#1	kaart.n	cregeen	cregeen:kaart	a card;
kaart.n#2	kaart.n	cregeen	cregeen:kaart	a quart;, the weight of 7lbs. of wool;
kartey.v#1	kartey.v	cregeen	cregeen:kartey	carting
kartey.v#2	kartey.v	cregeen	cregeen:kartey	raking muck or mire
kartit.x#1	kartit.x	cregeen	cregeen:kartit	carted
kartit.x#2	kartit.x	cregeen	cregeen:kartit	muck raked
keilley.a#1	keilley.a	cregeen	cregeen:keilley	of sense or wit
keilley.a#2	keilley.a	cregeen	cregeen:cheilley	of the church
kellagh.n#1	kellagh.n	cregeen	cregeen:kellagh	a cock, The males of many fowls are called kellagh;
kellagh.n#2	kellagh.n	cregeen	cregeen:kellagh	a wooden anchor with a stone in it.
key.n#1	key.n	cregeen	cregeen:key	a quay;
key.n#2	key.n	cregeen	cregeen:key	cream;
kip.n#1	kip.n	cregeen	cregeen:e chip	his blocks or lasts
kip.n#2	kip.n	cregeen	cregeen:kip	a whip;
kiarail.v#1	kiarail.v	cregeen	cregeen:kiarail	care, cares, careth, &c.; determine, &c
kiarail.v#2	kiarail.v	cregeen	cregeen:er chiarail	hath, &c. intended, purposed, provided, or resolved
leggad.n#1	leggad.n	cregeen	cregeen:leggad	a legacy;
leggad.n#2	leggad.n	cregeen	cregeen:leggad	a person to liking; a custom in former times of calling a lad and lass to be to…
lhiann.v#1	lhiann.v	cregeen	cregeen:lhiann	flatten;
lhiann.v#2	lhiann.v	cregeen	cregeen:lhiann	cleave;
lhiasit.x#1	lhiasit.x	cregeen	cregeen:lhiasit	atoned, amended, recompensed; manured
lhiasit.x#2	lhiasit.x	cregeen	cregeen:lhiasit	alleged, invented, contrived falsely, laid against in untruth;
lhiass.v#1	lhiass.v	cregeen	cregeen:lhiass	allege, invent, contrive lies and tell them for truth;
lhiass.v#2	lhiass.v	cregeen	cregeen:lhiass	needs;
lhieeney.n#1	lhieeney.n	cregeen	cregeen:lhieeney	a filling;
lhieeney.n#2	lhieeney.n	cregeen	cregeen:lhieeney	a spasm,
mam.n#1	mam.n	cregeen	cregeen:mam	the hands full when placed together by the little fingers
mam.n#2	mam.n	cregeen	cregeen:e vam	his blain
mergey.n#1	mergey.n	cregeen	cregeen:mergey	rust
mergey.n#2	mergey.n	cregeen	cregeen:mergey	ensign;
mheillea.n#1	mheillea.n	cregeen	cregeen:mheillea	the term is used for the finishing of reaping corn;, from mheil (a company of r…
mheillea.n#2	mheillea.n	cregeen	cregeen:yn vheillea	the harvest feast
minjeig.n#1	minjeig.n	cregeen	cregeen:minjeig	a bundle of heather, &c
minjeig.n#2	minjeig.n	cregeen	cregeen:minjeig	a young hind or roe
mol.n#1	mol.n	cregeen	cregeen:yn vol	the mould to cast anything in
mol.n#2	mol.n	cregeen	cregeen:mol	a nave;
monney.n#1	monney.n	cregeen	cregeen:yn vonney	the much, the many
monney.n#2	monney.n	cregeen	cregeen:monney	manner, meaning
mwashag.n#1	mwashag.n	cregeen	cregeen:yn washag	the wig or tuft of hair
mwashag.n#2	mwashag.n	cregeen	cregeen:mwashag	a blowze;
ny.x#1	ny.x	cregeen	cregeen:ny	not., This word, which is a corruption of nagh, ought not to be. See nagh
ny.x#2	ny.x	cregeen	cregeen:ny	or, nor
oashyr.n#1	oashyr.n	cregeen	cregeen:oashyr	a blade of corn or grass;
oashyr.n#2	oashyr.n	cregeen	cregeen:oashyr	a stocking, hose
ooh.n#1	ooh.n	cregeen	cregeen:ooh	an egg;
ooh.n#2	ooh.n	cregeen	cregeen:ooh	an udder
parick.n#1	parick.n	cregeen	cregeen:parick	a small lobster;
parick.n#2	parick.n	cregeen	cregeen:Parick	Patrick
pick.n#1	pick.n	cregeen	cregeen:pick	a pick-axe
pick.n#2	pick.n	cregeen	cregeen:pick	pitch;
poll.v#1	poll.v	cregeen	cregeen:poll	mat, or stick together;
poll.v#2	poll.v	cregeen	cregeen:poll	prune;
pooar.n#1	pooar.n	cregeen	cregeen:pooar	power, puissance, authority
pooar.n#2	pooar.n	cregeen	cregeen:pooar	token, warrant
punt.n#1	punt.n	cregeen	cregeen:punt	a pound, 20 shillings;
punt.n#2	punt.n	cregeen	cregeen:punt	a small yawl or boat;
raah.n#1	raah.n	cregeen	cregeen:raah	report
raah.n#2	raah.n	cregeen	cregeen:raah	prosperity;
rick.n#1	rick.n	cregeen	cregeen:rick	‘sign’
rick.n#2	rick.n	cregeen	cregeen:rick	a satisfactory answer; a resolve; uniformity of rule, a steady determined manne…
roostey.v#1	roostey.v	cregeen	cregeen:roostey	making naked
roostey.v#2	roostey.v	cregeen	cregeen:roostey	robbing
sap.n#1	sap.n	cregeen	cregeen:sap	a wisp, the outside of timber;
sap.n#2	sap.n	cregeen	cregeen:e hap	his shop
seiy.v#1	seiy.v	cregeen	cregeen:seiy	to push or shove;
seiy.v#2	seiy.v	cregeen	cregeen:heiy	did toss, agitate, mix, &c.;
sheeley.v#1	sheeley.v	cregeen	cregeen:sheeley	straining, filtering
sheeley.v#2	sheeley.v	cregeen	cregeen:dy heeley	sneak away, &c
sheelaghey.v#1	sheelaghey.v	cregeen	cregeen:sheelaghey	filtering
sheelaghey.v#2	sheelaghey.v	cregeen	cregeen:dy heelaghey	to sober, &c
shuit.n#1	shuit.n	cregeen	cregeen:shuit	a suit
shuit.n#2	shuit.n	cregeen	cregeen:shuit	a shift or effort
skah.n#1	skah.n	cregeen	cregeen:skah	a mark in the ear of sheep
skah.n#2	skah.n	cregeen	cregeen:skah	a strong wind that sheds or shakes corn or fruit
snauane.n#1	snauane.n	cregeen	cregeen:snauane	a slumber, (a corruption of saveenys)
snauane.n#2	snauane.n	cregeen	cregeen:snauane	a fibre of gossamer
sogh.n#1	sogh.n	cregeen	cregeen:sogh	a sob or groan
sogh.n#2	sogh.n	cregeen	cregeen:sogh	a surge
sogh.v#1	sogh.v	cregeen	cregeen:sogh	sob, groan;
sogh.v#2	sogh.v	cregeen	cregeen:sogh	surge;
soghal.v#1	soghal.v	cregeen	cregeen:soghal	sobbing, groaning;
soghal.v#2	soghal.v	cregeen	cregeen:soghal	surging;
soghit.x#1	soghit.x	cregeen	cregeen:soghit	sobbed
soghit.x#2	soghit.x	cregeen	cregeen:soghit	surged
sondid.n#1	sondid.n	cregeen	cregeen:sondid	sordidness, churlishness
sondid.n#2	sondid.n	cregeen	cregeen:e hondid	his avariciousness
staik.n#1	staik.n	cregeen	cregeen:staik	a stake
staik.n#2	staik.n	cregeen	cregeen:staik	a stitch in the body
tann.v#1	tann.v	cregeen	cregeen:hann	did abide, continue, tarry, or endure;
tann.v#2	tann.v	cregeen	cregeen:hann	did make thin or thinned;
thannid.n#1	thannid.n	cregeen	cregeen:thannid	thinness, tenuity, liquidity
thannid.n#2	thannid.n	cregeen	cregeen:thannid	a hoggerel or thave, a sheep in its third year
thunnit.x#1	thunnit.x	cregeen	cregeen:thunnit	inured
thunnit.x#2	thunnit.x	cregeen	cregeen:thunnit	tunned
traartys.n#1	traartys.n	cregeen	cregeen:traartys	destruction of inhabitants, desolation;
traartys.n#2	traartys.n	cregeen	cregeen:nyn draartys	your, &c., overthrow (sic: confusion with haart)
twoaie.n#1	twoaie.n	cregeen	cregeen:twoaie	‘vigilance, caution’
twoaie.n#2	twoaie.n	cregeen	cregeen:twoaie	north
