form	headword	listId	gloss	binomial	note
ollyssyn	Ollyssyn	morrison-plants	Alexanders	Smyrnium olusatrum	
lus yn ollee	Lus-yn-ollee	morrison-plants	Alexanders	Smyrnium olusatrum	
lusynollee	Lus-yn-ollee	morrison-plants	Alexanders	Smyrnium olusatrum	
lus ny geayee	Lus-ny-Geayee	morrison-plants	Anemome (wood)	Anemone nemorosa	the page prints 'Anemome (wood)'; read 'Anemone (wood)'
lusnygeayee	Lus-ny-Geayee	morrison-plants	Anemome (wood)	Anemone nemorosa	the page prints 'Anemome (wood)'; read 'Anemone (wood)'
ooyl	Ooyl	morrison-plants	Apple	Pyrus malus	
unjin	Unjin	morrison-plants	Ash	Fraxinus excelsior	
keirn	Keirn	morrison-plants	Ash (mountain)	Pyrus aucuparia	
cron craee	Cron-craee	morrison-plants	Aspen	Populus tremula	
croncraee	Cron-craee	morrison-plants	Aspen	Populus tremula	
chengey ny mraane	Chengey-ny-mraane	morrison-plants	Aspen	Populus tremula	
chengeynymraane	Chengey-ny-mraane	morrison-plants	Aspen	Populus tremula	
oarn	Oarn	morrison-plants	Barley	Hordeum	
poanrey	Poanrey	morrison-plants	Bean	Faba vulgaris	
crouw kayt	Crouw-kayt	morrison-plants	Bird’s foot trfoil	Lotus dulcamara	the page prints 'Bird’s foot trfoil'; read 'Bird’s foot trefoil'
crouwkayt	Crouw-kayt	morrison-plants	Bird’s foot trfoil	Lotus dulcamara	the page prints 'Bird’s foot trfoil'; read 'Bird’s foot trefoil'
croan reisht	Croan-reisht	morrison-plants	Bitter-sweet	Solanum dulcamara	
croanreisht	Croan-reisht	morrison-plants	Bitter-sweet	Solanum dulcamara	
crammeltyn	Crammeltyn	morrison-plants	Bitter vetch	Orobus tuberosus	always plural
smeyr	Smeyr	morrison-plants	Blackberry (bramble)		
farrane	Farrane	morrison-plants	Blaeberry (whortleberry)	Vaccinum myrtillus	
freoaghne gorrym	Freoaghne gorrym	morrison-plants	Blaeberry (whortleberry)	Vaccinum myrtillus	
freoaghnegorrym	Freoaghne gorrym	morrison-plants	Blaeberry (whortleberry)	Vaccinum myrtillus	
lubber lub	Lubber lub	morrison-plants	Bog-bean	Menyanthes trifoliata	
lubberlub	Lubber lub	morrison-plants	Bog-bean	Menyanthes trifoliata	
luss y three duillag	Luss-y-three duillag	morrison-plants	Bog-bean	Menyanthes trifoliata	
lussythreeduillag	Luss-y-three duillag	morrison-plants	Bog-bean	Menyanthes trifoliata	
lus roddagagh	Lus roddagagh	morrison-plants	Bog-myrtle	Myrica gale	
lusroddagagh	Lus roddagagh	morrison-plants	Bog-myrtle	Myrica gale	
dress	Dress	morrison-plants	Brambe	Rubus fruticosus	the page prints 'Brambe'; read 'Bramble'
burleek	Burleek	morrison-plants	Brook-lime	Veronica beccabunga	
guilcaugh	Guilcaugh	morrison-plants	Broom	Cyrisus scoparius	
bollan vreeshey	Bollan Vreeshey	morrison-plants	Buckshorn plantain	Plantago coronopus	
bollanvreeshey	Bollan Vreeshey	morrison-plants	Buckshorn plantain	Plantago coronopus	
bollan doo	Bollan-doo	morrison-plants	Burdock	Arctium lappa	
bollandoo	Bollan-doo	morrison-plants	Burdock	Arctium lappa	
drine drughaigh	Drine drughaigh	morrison-plants	Burnet rose	Rosa spinossima	
drinedrughaigh	Drine drughaigh	morrison-plants	Burnet rose	Rosa spinossima	
curtlagh muck	Curtlagh muck	morrison-plants	Bur-reed (branched)	Sparganium ramosum	
curtlaghmuck	Curtlagh muck	morrison-plants	Bur-reed (branched)	Sparganium ramosum	
lus y steep	Lus-y-steep	morrison-plants	Butterwort	Pinfuicula vulgaris	
lusysteep	Lus-y-steep	morrison-plants	Butterwort	Pinfuicula vulgaris	
blaa ferishyn	Blaa-ferishyn	morrison-plants	Campion (red)	Lychnis diurna	
blaaferishyn	Blaa-ferishyn	morrison-plants	Campion (red)	Lychnis diurna	
carradje keoie	Carradje-keoie	morrison-plants	Carrot (wild)	Daucus carota	
carradjekeoie	Carradje-keoie	morrison-plants	Carrot (wild)	Daucus carota	
lus y gollan geayee	Lus-y-gollan geayee	morrison-plants	Celandine (greater)	Chelidonium majus	
lusygollangeayee	Lus-y-gollan geayee	morrison-plants	Celandine (greater)	Chelidonium majus	
lus ny pileyn	Lus-ny-pileyn	morrison-plants	Celandine (lesser)	Ranunculus ficara	
lusnypileyn	Lus-ny-pileyn	morrison-plants	Celandine (lesser)	Ranunculus ficara	
keym chreest	Keym-Chreest	morrison-plants	Centaury	Erythraea centaurium	
keymchreest	Keym-Chreest	morrison-plants	Centaury	Erythraea centaurium	
flig	Flig	morrison-plants	Chickweed	Stellaria media	
shoushan	Shoushan	morrison-plants	Chive	Allium shoenoprasum	
lus y chollane	Lus-y-chollane	morrison-plants	Cleavers	Galium aparine	
lusychollane	Lus-y-chollane	morrison-plants	Cleavers	Galium aparine	
samark bane	Samark bane	morrison-plants	Clover (white)	Trifolium repens	
samarkbane	Samark bane	morrison-plants	Clover (white)	Trifolium repens	
cabbag ny hawin	Cabbag-ny-hawin	morrison-plants	Colt’s-foot	Tussilago farfara	
cabbagnyhawin	Cabbag-ny-hawin	morrison-plants	Colt’s-foot	Tussilago farfara	
cumfurt	Cumfurt	morrison-plants	Comfrey	Symphytum officinale	
bee muck	Bee-muck	morrison-plants	Common and Corn Sow thistles	Sonchus oleraceus, Sonchus arvensis	
beemuck	Bee-muck	morrison-plants	Common and Corn Sow thistles	Sonchus oleraceus, Sonchus arvensis	
bainey muck	Bainey-muck	morrison-plants	Common and Corn Sow thistles	Sonchus oleraceus, Sonchus arvensis	
baineymuck	Bainey-muck	morrison-plants	Common and Corn Sow thistles	Sonchus oleraceus, Sonchus arvensis	
onnane meein	Onnane-meein	morrison-plants	Common and Corn Sow thistles	Sonchus oleraceus, Sonchus arvensis	
onnanemeein	Onnane-meein	morrison-plants	Common and Corn Sow thistles	Sonchus oleraceus, Sonchus arvensis	
bastag vuigh	Bastag vuigh	morrison-plants	Corn Marigold	Chrysanthemum segetum	
bastagvuigh	Bastag vuigh	morrison-plants	Corn Marigold	Chrysanthemum segetum	
onnane frangagh	Onnane frangagh	morrison-plants	Cotton thistle	Onopordon acanthum	
onnanefrangagh	Onnane frangagh	morrison-plants	Cotton thistle	Onopordon acanthum	
faiyr voddee	Faiyr-voddee	morrison-plants	Couch grass	Triticum repens	
faiyrvoddee	Faiyr-voddee	morrison-plants	Couch grass	Triticum repens	
farrain	Farrain	morrison-plants	Cow-parsnip	Heracleum spondylium	
burley	Burley	morrison-plants	Cress (water)	nasturium officinale	
bossan tessen	Bossan tessen	morrison-plants	Crosswort	Galium cruciatum	
bossantessen	Bossan tessen	morrison-plants	Crosswort	Galium cruciatum	
cass feeagh	Cass-feeagh	morrison-plants	Crowfoot	Ranunculus acris	
cassfeeagh	Cass-feeagh	morrison-plants	Crowfoot	Ranunculus acris	
lus ny chroshey	Lus-ny-chroshey	morrison-plants	Cudweed	Filago germanica	
lusnychroshey	Lus-ny-chroshey	morrison-plants	Cudweed	Filago germanica	
neaynin	Neaynin	morrison-plants	Daisy	Bellis perennis	
lus ny minnag	Lus-ny-minnag	morrison-plants	Dandelion	Taraxacum officinale	
lusnyminnag	Lus-ny-minnag	morrison-plants	Dandelion	Taraxacum officinale	
jerlyn	Jerlyn	morrison-plants	Darnel	Lolium perenne and tremulentum	
lus yn aacheoid	Lus-yn-aacheoid	morrison-plants	Devil’s bit	Scabiosa succisa	
lusynaacheoid	Lus-yn-aacheoid	morrison-plants	Devil’s bit	Scabiosa succisa	
cabbag jiarg	Cabbag-jiarg	morrison-plants	Dock	Rumex obtusifolius	
cabbagjiarg	Cabbag-jiarg	morrison-plants	Dock	Rumex obtusifolius	
drine bogogue	Drine bogogue	morrison-plants	Dog-rose	Rosa canina	
drinebogogue	Drine bogogue	morrison-plants	Dog-rose	Rosa canina	
bossan feeackle	Bossan feeackle	morrison-plants	Dog-violet	Viola canina	
bossanfeeackle	Bossan feeackle	morrison-plants	Dog-violet	Viola canina	
clooie fannag	Clooie fannag	morrison-plants	Duckweed	Lemna minor	
clooiefannag	Clooie fannag	morrison-plants	Duckweed	Lemna minor	
dullish	Dullish	morrison-plants	Dulse	Rhodymenia palmata	
curlan	Curlan	morrison-plants	Earth nut	Conopodium denudatum	
tramman	Tramman	morrison-plants	Elder	Sambucus nigra	
cleaysh hramman	Cleaysh-hramman	morrison-plants	fungi growing on elder trees		
cleayshhramman	Cleaysh-hramman	morrison-plants	fungi growing on elder trees		
lhieaun	Lhieaun	morrison-plants	Elm	Ulmus campestris	
lus y tooill	Lus-y-tooill	morrison-plants	Eyebright	Euphrasia officinalis	
lusytooill	Lus-y-tooill	morrison-plants	Eyebright	Euphrasia officinalis	
lus y ghew	Lus-y-ghew	morrison-plants	Fairy flax	Linun catharticum	
lusyghew	Lus-y-ghew	morrison-plants	Fairy flax	Linun catharticum	
rhennagh	Rhennagh	morrison-plants	Fern family	Filices	
juys	Juys	morrison-plants	Fir (Scotch)	Pinus sylvestris	
arym	Arym	morrison-plants	Fig wort	Scrophularia nodosa	
cliogagh	Cliogagh	morrison-plants	Flag (yellow)	Iris pseud-acorus	
lieen	Lieen	morrison-plants	Flax	Linum	
lus y yiarrey	Lus-y-yiarrey	morrison-plants	Flixweed	Sisymbrium sophia	
lusyyiarrey	Lus-y-yiarrey	morrison-plants	Flixweed	Sisymbrium sophia	
sleggan sleeu	Sleggan-sleeu	morrison-plants	Foxglove	Digitalis purpurea	
sleggansleeu	Sleggan-sleeu	morrison-plants	Foxglove	Digitalis purpurea	
booa ghoayn	Booa-ghoayn	morrison-plants	Fumitory	Fumaria officinalis	
booaghoayn	Booa-ghoayn	morrison-plants	Fumitory	Fumaria officinalis	
conney cadjin	Conney-cadjin	morrison-plants	Furze	Ulex nanus	
conneycadjin	Conney-cadjin	morrison-plants	Furze	Ulex nanus	
conney manninagh	Conney manninagh	morrison-plants	Furze	Ulex nanus	
conneymanninagh	Conney manninagh	morrison-plants	Furze	Ulex nanus	
conney frangagh	Conney frangagh	morrison-plants	Furze	Ulex eurpaeus	
conneyfrangagh	Conney frangagh	morrison-plants	Furze	Ulex eurpaeus	
garlead	Garlead	morrison-plants	Garlic	Allium ursinum	
slat airh	Slat-airh	morrison-plants	Golden rod	Solidago virgaurea	
slatairh	Slat-airh	morrison-plants	Golden rod	Solidago virgaurea	
coll mea	Coll-mea	morrison-plants	Goosefoot (white)	Chenopodium viride	
collmea	Coll-mea	morrison-plants	Goosefoot (white)	Chenopodium viride	
lus yn ollee	Lus-yn-ollee	morrison-plants	Goutweed	Aeogopodium podagraria	
lusynollee	Lus-yn-ollee	morrison-plants	Goutweed	Aeogopodium podagraria	
faiyr	Faiyr	morrison-plants	Grass family	Gramineae	
traagh	traagh	morrison-plants	hay		
ard lossey	Ard-lossey	morrison-plants	Ground Ivy	Nepeta glechoma	
ardlossey	Ard-lossey	morrison-plants	Ground Ivy	Nepeta glechoma	
grunlus	Grunlus	morrison-plants	Groundel	Senecio vulgaris	the page prints 'Groundel'; read 'Groundsel'
mairanyn ferish	Mairanyn ferish	morrison-plants	Harebell	Campanula rotundifolia	
mairanynferish	Mairanyn ferish	morrison-plants	Harebell	Campanula rotundifolia	
lus y chengey veg	Lus-y-chengey veg	morrison-plants	Hawkweed (mouse-ear)	Hieracum pilosella	
lusychengeyveg	Lus-y-chengey veg	morrison-plants	Hawkweed (mouse-ear)	Hieracum pilosella	
drine skeag	Drine skeag	morrison-plants	Hawthorn	Crataegus oxyancantha	
drineskeag	Drine skeag	morrison-plants	Hawthorn	Crataegus oxyancantha	
coll	Coll	morrison-plants	Hazel	Corylus avellana	
follan fing	Follan fing	morrison-plants	Heath bedstraw	Galium saxatile	
follanfing	Follan fing	morrison-plants	Heath bedstraw	Galium saxatile	
aghaue	Aghaue	morrison-plants	Hemlock	Conium maculatum	
kennip	Kennip	morrison-plants	Hemp	Cannabis sativa	
jeshal	Jeshal	morrison-plants	Hemp agrimony	Eupatorium cannaginum	
connagh ny giark	Connagh-ny-giark	morrison-plants	Henbane	Hyoscyamus niger	
connaghnygiark	Connagh-ny-giark	morrison-plants	Henbane	Hyoscyamus niger	
lus ny freenaghyn mooarey	Lus-ny-freenaghyn mooarey	morrison-plants	Herb Robert	Geranium Robertianum	
lusnyfreenaghynmooarey	Lus-ny-freenaghyn mooarey	morrison-plants	Herb Robert	Geranium Robertianum	
hollyn	Hollyn	morrison-plants	Holly	Ilex aquifolium	
ullaagagh	Ullaagagh	morrison-plants	Honeysuckle	Lonicera periclymenum	
ob	Ob	morrison-plants	Hops	Humulus lupulus	
nep	Nep	morrison-plants	Horehound	Marrubium vulgare	
lus y thie	Lus y thie	morrison-plants	House leek	Sempervivum tectorum	
lusythie	Lus y thie	morrison-plants	House leek	Sempervivum tectorum	
gleik muck	Gleik-muck	morrison-plants	Hyacinth (wild)	Scilla nutans	
gleikmuck	Gleik-muck	morrison-plants	Hyacinth (wild)	Scilla nutans	
blaa muck	Blaa muck	morrison-plants	Hyacinth (wild)	Scilla nutans	
blaamuck	Blaa muck	morrison-plants	Hyacinth (wild)	Scilla nutans	
hibbin	Hibbin	morrison-plants	Ivy	Hedera helix	
lus y cramman doo	Lus-y-cramman doo	morrison-plants	Knapweed	Centaurea nigra	
lusycrammandoo	Lus-y-cramman doo	morrison-plants	Knapweed	Centaurea nigra	
lhuss	Lhuss	morrison-plants	Leek	Allium porrum	
scriss nygreg	Scriss-nygreg	morrison-plants	Lichen family		
scrissnygreg	Scriss-nygreg	morrison-plants	Lichen family		
conney freoagh	Conney-freoagh	morrison-plants	Ling	Calluna vulgaris	
conneyfreoagh	Conney-freoagh	morrison-plants	Ling	Calluna vulgaris	
freoaghane	Freoaghane	morrison-plants	Ling berry (Crowberry)	Empetrum nigrum	
lus yn aane	Lus-yn-aane	morrison-plants	Liverwort	Marchantia polymorpha	
lusynaane	Lus-yn-aane	morrison-plants	Liverwort	Marchantia polymorpha	
lus y voidyn	Lus-y-voidyn	morrison-plants	Maiden-hair fern	Adiantum capillus-veneris	
lusyvoidyn	Lus-y-voidyn	morrison-plants	Maiden-hair fern	Adiantum capillus-veneris	
rhennagh woirrey	Rhennagh-woirrey	morrison-plants	Male fern	lastea filix mas	
rhennaghwoirrey	Rhennagh-woirrey	morrison-plants	Male fern	lastea filix mas	
jeetdrym jeeas	Jeetdrym jeeas	morrison-plants	Mare’s tail	Hippuris vulgaris	
jeetdrymjeeas	Jeetdrym jeeas	morrison-plants	Mare’s tail	Hippuris vulgaris	
lus ny moal moirrey	Lus ny-moal Moirrey	morrison-plants	Marsh mallow	Malva sylvestris	
lusnymoalmoirrey	Lus ny-moal Moirrey	morrison-plants	Marsh mallow	Malva sylvestris	
blughtyn	Blughtyn	morrison-plants	Marsh marigolds	Caltha palustris	
ouw	Ouw	morrison-plants	Marsh pennywort	Hydrocotyle vulgaris	
onnane lheannagh	Onnane lheannagh	morrison-plants	Marsh thistle	Cnicus palustris	
onnanelheannagh	Onnane lheannagh	morrison-plants	Marsh thistle	Cnicus palustris	
lus millish ny lheannagh	Lus millish ny lheannagh	morrison-plants	Meadow sweet	Spiraea ulmaria	
lusmillishnylheannagh	Lus millish ny lheannagh	morrison-plants	Meadow sweet	Spiraea ulmaria	
mynthey jiarg	Mynthey-jiarg	morrison-plants	Mint (water)	Mentha aquatica	
myntheyjiarg	Mynthey-jiarg	morrison-plants	Mint (water)	Mentha aquatica	
lus luna	Lus luna	morrison-plants	Moonwort	Botrychium lunaria	
lusluna	Lus luna	morrison-plants	Moonwort	Botrychium lunaria	
cleaysh lugh	Cleaysh lugh	morrison-plants	Moue ear chickweed	Cerastium	the page prints 'Moue ear chickweed'; read 'Mouse-ear chickweed'
cleayshlugh	Cleaysh lugh	morrison-plants	Moue ear chickweed	Cerastium	the page prints 'Moue ear chickweed'; read 'Mouse-ear chickweed'
keynnagh	Keynnagh	morrison-plants	Moss family		
bollan feal eoin	Bollan-feal-Eoin	morrison-plants	Mugwort	Artemisia vulgaris	
bollanfealeoin	Bollan-feal-Eoin	morrison-plants	Mugwort	Artemisia vulgaris	
bollan bane	Bollan-bane	morrison-plants	Mugwort	Artemisia vulgaris	
bollanbane	Bollan-bane	morrison-plants	Mugwort	Artemisia vulgaris	
shalmane	Shalmane	morrison-plants	Mushroom	Agaricus	
brashlagh	Brashlagh	morrison-plants	Mustard (wild)	Brassica sinapis	
undaagagh	Undaagagh	morrison-plants	Nettle	Urtica divica	
bolan y chee	Bolan-y-chee	morrison-plants	Nipplewort	Lapsana communis	
bolanychee	Bolan-y-chee	morrison-plants	Nipplewort	Lapsana communis	
darragh	Darragh	morrison-plants	Oak	Quercus robur	
plaggad	Plaggad	morrison-plants	Oats	Avena	
corkey	Corkey	morrison-plants	Oat grain		
unnish	Unnish	morrison-plants	Onion	Allium cepa	
bastag bane	Bastag bane	morrison-plants	Oxe-eye daisy	Chrysanthemum leucanthemum	
bastagbane	Bastag bane	morrison-plants	Oxe-eye daisy	Chrysanthemum leucanthemum	
pieannit	Pieannit	morrison-plants	Pæony [Peony]	Pæonia officinalis	
blaa villish	Blaa villish	morrison-plants	Pansy (field)	Viola tricolor	
blaavillish	Blaa villish	morrison-plants	Pansy (field)	Viola tricolor	
pesmad	Pesmad	morrison-plants	Parsnip	Pastinaca sativa	
pishyr	Pishyr	morrison-plants	Pea		
lurgeydish	Lurgeydish	morrison-plants	Pennyroyal	Mentha pulegium	
woishleeyn	Woishleeyn	morrison-plants	Pennyworts (wall)	Cotyledon umbilicus	
pibbyr keoie	Pibbyr-keoie	morrison-plants	Pepperwort	Lepidium campestra	
pibbyrkeoie	Pibbyr-keoie	morrison-plants	Pepperwort	Lepidium campestra	
pibbyr yn dooinney boght	Pibbyr-yn-dooinney-boght	morrison-plants	Pepperwort	Lepidium campestra	
pibbyryndooinneyboght	Pibbyr-yn-dooinney-boght	morrison-plants	Pepperwort	Lepidium campestra	
cabbag pharick	Cabbag Pharick	morrison-plants	Plaintain (greater)	Plantago major	the page prints 'Plaintain (greater)'; read 'Plantain (greater)'
cabbagpharick	Cabbag Pharick	morrison-plants	Plaintain (greater)	Plantago major	the page prints 'Plaintain (greater)'; read 'Plantain (greater)'
dullish far ushtey	Dullish far ushtey	morrison-plants	Pond weed	Potamogeton natans	
dullishfarushtey	Dullish far ushtey	morrison-plants	Pond weed	Potamogeton natans	
lus y chadlee	Lus-y-chadlee	morrison-plants	Poppy family	Papveraceae	
lusychadlee	Lus-y-chadlee	morrison-plants	Poppy family	Papveraceae	
praase	Praase	morrison-plants	Potato	Solanum tuberosum	
puddase	Puddase	morrison-plants	Potato	Solanum tuberosum	
sumark	Sumark	morrison-plants	Primrose	Primula vulgaris	
sumark souree	Sumark-souree	morrison-plants	Primrose	Primula vulgaris	
sumarksouree	Sumark-souree	morrison-plants	Primrose	Primula vulgaris	
raghyl	Raghyl	morrison-plants	Radish (wild)	Raphanus maritimus	
cushag	Cushag	morrison-plants	Ragwort	Senecio jacobaea	
curtlagh	Curtlagh	morrison-plants	Reed	Sparganium simplex	
slane luss	Slane-luss	morrison-plants	Ribwort plantain	Plantago lanceolate	
slaneluss	Slane-luss	morrison-plants	Ribwort plantain	Plantago lanceolate	
bogrenish	Bogrenish	morrison-plants	Royal fern	Osmunda regalis	
shuin	Shuin	morrison-plants	Rush family	Junceae	
leaghyr	Leaghyr	morrison-plants	Rush family	Junceae	
shoggyl	Shoggyl	morrison-plants	Rye	Secale cereale	
creeaghlagh	Creeaghlagh	morrison-plants	Sage (wild)	Teucrium sorodonia	
lus y chiolg	Lus-y-chiolg	morrison-plants	St. John’s wort	Hypericum pulchrum	
lusychiolg	Lus-y-chiolg	morrison-plants	St. John’s wort	Hypericum pulchrum	
shellagh	Shellagh	morrison-plants	Sallow	Salix	
lus ny greg	Lus-ny-greg	morrison-plants	Samphire	Crithmum maritimum	
lusnygreg	Lus-ny-greg	morrison-plants	Samphire	Crithmum maritimum	
hollyn traie	Hollyn-traie	morrison-plants	Sea holly	Ergyngium maritimum	
hollyntraie	Hollyn-traie	morrison-plants	Sea holly	Ergyngium maritimum	
cail traie	Cail-traie	morrison-plants	Sea kale	Cramb maritima	
cailtraie	Cail-traie	morrison-plants	Sea kale	Cramb maritima	
shaslagh	Shaslagh	morrison-plants	Sea matweed	Psamme arenaria	
rhennagh marrey	Rhennagh marrey	morrison-plants	Sea spleenwort	Asplenium marinum	
rhennaghmarrey	Rhennagh marrey	morrison-plants	Sea spleenwort	Asplenium marinum	
famlagh	Famlagh	morrison-plants	Sea-weeds	Algae	
dooan y chione cast	Dooan-y-chione-cast	morrison-plants	Self heal	Prunella vulgaris	
dooanychionecast	Dooan-y-chione-cast	morrison-plants	Self heal	Prunella vulgaris	
scrub y traie	Scrub-y-traie	morrison-plants	Scurvy grass	Cochlearia-officinalis	
scrubytraie	Scrub-y-traie	morrison-plants	Scurvy grass	Cochlearia-officinalis	
samark	Samark	morrison-plants	Shamrock family	Trifolium	
bossan gorrym	Bossan-gorrym	morrison-plants	Sheep’s bit	Jasione montana	
bossangorrym	Bossan-gorrym	morrison-plants	Sheep’s bit	Jasione montana	
duillag argid	Duillag-argid	morrison-plants	Silverweed	Potentilla anserina	
duillagargid	Duillag-argid	morrison-plants	Silverweed	Potentilla anserina	
drine doo	Drine doo	morrison-plants	Sloe	Prunis communis	
drinedoo	Drine doo	morrison-plants	Sloe	Prunis communis	
drine arn	Drine arn	morrison-plants	Sloe	Prunis communis	
drinearn	Drine arn	morrison-plants	Sloe	Prunis communis	
lus y chorran	Lus-y-chorran	morrison-plants	Sneezewort	Achillea ptarmica	
lusychorran	Lus-y-chorran	morrison-plants	Sneezewort	Achillea ptarmica	
shughlaig	Shughlaig	morrison-plants	Sorrel	Rumex acetosa	
onnane sleigh	Onnane sleigh	morrison-plants	Spear thistle	Cnicus lanceolatus	
onnanesleigh	Onnane sleigh	morrison-plants	Spear thistle	Cnicus lanceolatus	
lus y binjey	Lus-y-binjey	morrison-plants	Spearwort (lesser)	Ranunculus flammula	
lusybinjey	Lus-y-binjey	morrison-plants	Spearwort (lesser)	Ranunculus flammula	
lus ny fahnnaghyn	Lus-ny-fahnnaghyn	morrison-plants	Spurge	Euphorbia helioscopia	
lusnyfahnnaghyn	Lus-ny-fahnnaghyn	morrison-plants	Spurge	Euphorbia helioscopia	
carran	Carran	morrison-plants	Spurrey	Spergula arvensis	
smeyr greiney	Smeyr-greiney	morrison-plants	Stone bramble	Rubus saxatilis	
smeyrgreiney	Smeyr-greiney	morrison-plants	Stone bramble	Rubus saxatilis	
soo crou	Soo crou	morrison-plants	Strawberry (wild)	Fragaria vesca	
soocrou	Soo crou	morrison-plants	Strawberry (wild)	Fragaria vesca	
lus y druight	Lus-y-druight	morrison-plants	Sundow	Drosera rotundifola	the page prints 'Sundow'; read 'Sundew'
lusydruight	Lus-y-druight	morrison-plants	Sundow	Drosera rotundifola	the page prints 'Sundow'; read 'Sundew'
lus y ghraih	Lus-y-ghraih	morrison-plants	Sundow	Drosera rotundifola	the page prints 'Sundow'; read 'Sundew'
lusyghraih	Lus-y-ghraih	morrison-plants	Sundow	Drosera rotundifola	the page prints 'Sundow'; read 'Sundew'
faiyr sonnys	Faiyr sonnys	morrison-plants	Sweet meadow grass	Anthoxanthum, odoratum	
faiyrsonnys	Faiyr sonnys	morrison-plants	Sweet meadow grass	Anthoxanthum, odoratum	
leaddan	Leaddan	morrison-plants	Teasal	Dipsacus sylvestris	the page prints 'Teasal'; read 'Teasel'
onnane	Onnane	morrison-plants	Thistle	Cnicus arevensis, etc.	
keirn jiarg	Keirn jiarg	morrison-plants	Thrift	Armeria vulgaris	
keirnjiarg	Keirn jiarg	morrison-plants	Thrift	Armeria vulgaris	
thyme thallooin	Thyme thallooin	morrison-plants	Thyme (wild)	Thymus serpyllum	
thymethallooin	Thyme thallooin	morrison-plants	Thyme (wild)	Thymus serpyllum	
lus y vuinney	Lus-y-vuinney	morrison-plants	Tormentil	Potentilla tormentilla	
lusyvuinney	Lus-y-vuinney	morrison-plants	Tormentil	Potentilla tormentilla	
napin	Napin	morrison-plants	Turnip	Brassica rapa	
kere hallooin	Kere hallooin	morrison-plants	Valerian	Valeriana officinalis	
kerehallooin	Kere hallooin	morrison-plants	Valerian	Valeriana officinalis	
vervine	Vervine	morrison-plants	Vervain	Verbena officinalis	
yn luss	Yn luss	morrison-plants	Vervain	Verbena officinalis	
ynluss	Yn luss	morrison-plants	Vervain	Verbena officinalis	
luss	Yn luss	morrison-plants	Vervain	Verbena officinalis	
bossan ingey	Bossan ingey	morrison-plants	Vernal grass	Erophila vulgaris	
bossaningey	Bossan ingey	morrison-plants	Vernal grass	Erophila vulgaris	
pishyr lughagh	Pishyr lughagh	morrison-plants	Vetch	Vicia sp—	
pishyrlughagh	Pishyr lughagh	morrison-plants	Vetch	Vicia sp—	
sumark gorrym	Sumark gorrym	morrison-plants	Violet (common dog violet)	V. sylvatica	
sumarkgorrym	Sumark gorrym	morrison-plants	Violet (common dog violet)	V. sylvatica	
cro rangagh	Cro-rangagh	morrison-plants	Walnut	Julans regia	
crorangagh	Cro-rangagh	morrison-plants	Walnut	Julans regia	
aghaue	Aghaue	morrison-plants	Water hemlock	Circuta virosa	
pollagh	Pollagh	morrison-plants	Water parsnip	Sium angustifolium	
glioonagh	Glioonagh	morrison-plants	Water pepper	Polygonum hydropiper	
curnaght	Curnaght	morrison-plants	Wheat		
tuig y yeeighey	Tuig-y-yeeighey	morrison-plants	Willow (creeping)	Salix repens	
tuigyyeeighey	Tuig-y-yeeighey	morrison-plants	Willow (creeping)	Salix repens	
lus ny shellee	Lus-ny-shellee	morrison-plants	Willow herb	Epilobium montanum	
lusnyshellee	Lus-ny-shellee	morrison-plants	Willow herb	Epilobium montanum	
bee cooag	Bee-cooag	morrison-plants	Wood sorrel	Oxalis acetosella	
beecooag	Bee-cooag	morrison-plants	Wood sorrel	Oxalis acetosella	
ullymar	Ullymar	morrison-plants	Wormwood	Artemisia absinthium	
airh hallooin	Airh-hallooin	morrison-plants	Yarrow	Achillea, millefolium	
airhhallooin	Airh-hallooin	morrison-plants	Yarrow	Achillea, millefolium	
lus y volley	Lus-y-volley	morrison-plants	Yellow bedstraw	Galium verum	
lusyvolley	Lus-y-volley	morrison-plants	Yellow bedstraw	Galium verum	
wullee wus	Wullee wus	morrison-plants	Yellow weed	Raseda luteola	
wulleewus	Wullee wus	morrison-plants	Yellow weed	Raseda luteola	
lus y wee	Lus-y-wee	morrison-plants	Yellow weed	Raseda luteola	
lusywee	Lus-y-wee	morrison-plants	Yellow weed	Raseda luteola	
